"skills","job_role"
"python tableau excel power bi sql statistics pandas data visualization teamwork github","Data Analyst"
"power bi python statistics excel reporting pandas dashboards numpy","Data Analyst"
"python sql statistics powerbi excel dashboards reporting agile linux","Data Analyst"
"excel power bi python tableau pandas reporting numpy data visualization","Data Analyst"
"python tableau sql excel powerbi numpy pandas reporting documentation cloud rest api","Data Analyst"
"excel statistics sql tableau python numpy dashboards data visualization pandas linux","Data Analyst"
"python sql statistics tableau excel power bi numpy data visualization dashboards reporting problem solving","Data Analyst"
"python power bi tableau statistics sql numpy data visualization dashboards reporting linux","Data Analyst"
"powerbi python sql statistics reporting pandas numpy","Data Analyst"
"sql tableau python power bi data visualization reporting numpy pandas documentation cloud","Data Analyst"
"tableau excel python statistics power bi sql pandas data visualization numpy jira agile","Data Analyst"
"tableau python sql statistics power bi excel pandas reporting agile rest api teamwork","Data Analyst"
"python statistics sql excel tableau pandas numpy reporting agile","Data Analyst"
"power bi sql excel statistics tableau dashboards data visualization numpy","Data Analyst"
"python statistics sql power bi excel tableau numpy reporting documentation problem solving","Data Analyst"
"powerbi sql statistics python data visualization reporting linux","Data Analyst"
"python statistics power bi excel tableau dashboards pandas linux rest api","Data Analyst"
"excel tableau statistics sql power bi python numpy data visualization dashboards pandas","Data Analyst"
"python tableau excel sql power bi statistics pandas data visualization documentation rest api linux","Data Analyst"
"power bi sql python tableau dashboards numpy rest api documentation communication","Data Analyst"
"excel sql power bi statistics tableau python dashboards data visualization pandas reporting problem solving","Data Analyst"
"power bi tableau sql python excel statistics pandas data visualization dashboards reporting github teamwork documentation","Data Analyst"
"sql excel statistics powerbi tableau reporting data visualization pandas jira","Data Analyst"
"tableau excel sql python power bi pandas dashboards numpy reporting jira","Data Analyst"
"sql power bi excel python statistics dashboards data visualization reporting problem solving teamwork","Data Analyst"
"excel tableau power bi sql reporting dashboards pandas","Data Analyst"
"statistics powerbi python tableau numpy pandas data visualization","Data Analyst"
"python sql tableau excel statistics dashboards pandas reporting data visualization","Data Analyst"
"power bi sql python statistics data visualization reporting dashboards pandas problem solving github jira","Data Analyst"
"tableau python powerbi sql excel statistics pandas dashboards numpy problem solving","Data Analyst"
"excel sql power bi python tableau pandas data visualization cloud","Data Analyst"
"power bi sql tableau excel statistics python dashboards data visualization numpy pandas problem solving documentation","Data Analyst"
"python power bi excel statistics tableau dashboards numpy problem solving jira communication","Data Analyst"
"python sql excel statistics data visualization pandas dashboards reporting problem solving","Data Analyst"
"power bi sql statistics excel data visualization pandas communication","Data Analyst"
"python power bi sql excel statistics data visualization numpy reporting pandas communication cloud linux","Data Analyst"
"sql power bi excel statistics tableau data visualization dashboards numpy pandas","Data Analyst"
"python excel powerbi statistics sql reporting numpy data visualization pandas linux teamwork jira","Data Analyst"
"excel powerbi python statistics sql pandas reporting","Data Analyst"
"tableau excel python sql statistics dashboards numpy pandas reporting communication github","Data Analyst"
"statistics powerbi excel sql pandas reporting dashboards jira documentation","Data Analyst"
"power bi statistics excel sql python tableau numpy data visualization pandas dashboards","Data Analyst"
"tableau excel statistics sql numpy pandas","Data Analyst"
"excel powerbi statistics sql python tableau reporting pandas dashboards rest api","Data Analyst"
"statistics sql excel python powerbi tableau numpy data visualization rest api documentation","Data Analyst"
"statistics power bi python tableau sql excel reporting pandas rest api cloud","Data Analyst"
"python sql excel power bi tableau statistics pandas numpy reporting","Data Analyst"
"sql power bi python excel tableau statistics reporting dashboards data visualization rest api","Data Analyst"
"powerbi tableau excel python reporting numpy data visualization dashboards github documentation rest api","Data Analyst"
"statistics powerbi tableau sql python excel data visualization reporting problem solving jira linux","Data Analyst"
"power bi tableau excel sql pandas reporting dashboards numpy problem solving","Data Analyst"
"sql statistics excel powerbi numpy data visualization","Data Analyst"
"excel sql power bi python statistics tableau reporting dashboards numpy data visualization","Data Analyst"
"sql statistics excel power bi python tableau numpy pandas reporting data visualization cloud","Data Analyst"
"tableau excel sql power bi data visualization dashboards","Data Analyst"
"statistics python tableau excel numpy dashboards teamwork","Data Analyst"
"sql excel tableau statistics python powerbi pandas numpy data visualization linux cloud","Data Analyst"
"excel tableau sql statistics pandas numpy reporting data visualization","Data Analyst"
"python excel statistics power bi tableau sql pandas dashboards","Data Analyst"
"statistics sql excel power bi tableau pandas reporting documentation rest api","Data Analyst"
"tableau sql statistics excel python dashboards numpy pandas reporting","Data Analyst"
"python powerbi excel sql statistics data visualization dashboards numpy","Data Analyst"
"excel python sql statistics tableau data visualization pandas numpy jira documentation","Data Analyst"
"sql excel statistics python reporting data visualization rest api documentation","Data Analyst"
"sql statistics tableau powerbi excel reporting numpy pandas github","Data Analyst"
"sql python powerbi excel statistics tableau dashboards data visualization cloud linux github","Data Analyst"
"excel tableau python powerbi dashboards pandas","Data Analyst"
"statistics excel power bi python dashboards numpy","Data Analyst"
"statistics powerbi python excel sql tableau numpy pandas data visualization reporting cloud rest api","Data Analyst"
"excel python sql tableau pandas reporting data visualization dashboards jira agile rest api","Data Analyst"
"excel statistics tableau sql power bi python dashboards reporting data visualization github documentation","Data Analyst"
"python statistics tableau power bi excel sql data visualization pandas numpy","Data Analyst"
"powerbi statistics tableau python sql numpy pandas problem solving documentation linux","Data Analyst"
"power bi excel statistics tableau python dashboards data visualization pandas reporting","Data Analyst"
"power bi tableau excel python statistics sql pandas dashboards numpy reporting","Data Analyst"
"python excel power bi tableau statistics dashboards pandas reporting data visualization communication cloud","Data Analyst"
"statistics excel power bi python tableau sql reporting dashboards pandas numpy cloud","Data Analyst"
"sql excel tableau power bi statistics python dashboards reporting pandas data visualization communication problem solving cloud","Data Analyst"
"excel sql tableau python statistics numpy reporting jira github","Data Analyst"
"powerbi excel statistics sql python tableau reporting dashboards data visualization rest api documentation","Data Analyst"
"tableau sql python excel statistics power bi dashboards numpy jira cloud","Data Analyst"
"sql tableau python powerbi statistics data visualization dashboards problem solving github teamwork","Data Analyst"
"statistics sql python tableau power bi excel reporting numpy data visualization rest api communication cloud","Data Analyst"
"tableau statistics excel powerbi python sql reporting dashboards agile documentation jira","Data Analyst"
"powerbi excel python tableau sql numpy reporting","Data Analyst"
"power bi statistics python excel tableau sql pandas data visualization numpy dashboards","Data Analyst"
"statistics power bi excel python tableau pandas data visualization numpy reporting","Data Analyst"
"excel power bi statistics tableau python data visualization reporting cloud linux agile","Data Analyst"
"python power bi sql statistics excel tableau numpy dashboards","Data Analyst"
"statistics power bi sql excel python tableau numpy data visualization dashboards reporting","Data Analyst"
"sql pandas numpy machine-learning statistics python dl feature engineering","Data Scientist"
"machine learning statistics sql python scikit-learn dl feature engineering data mining communication","Data Scientist"
"numpy statistics machine learning pandas deep learning matplotlib feature engineering linux agile","Data Scientist"
"machine learning sql numpy pandas statistics scikit-learn data mining communication teamwork jira","Data Scientist"
"machine learning sql python statistics numpy dl scikit-learn data mining feature engineering rest api github cloud","Data Scientist"
"python pandas statistics sql machine learning data mining feature engineering","Data Scientist"
"machine-learning pandas numpy sql python statistics deep learning feature engineering","Data Scientist"
"pandas numpy statistics python sql machine learning feature engineering deep learning","Data Scientist"
"pandas machine learning python numpy statistics scikit-learn deep learning feature engineering data mining agile github problem solving","Data Scientist"
"statistics numpy python machine learning pandas sql data mining scikit-learn agile rest api teamwork","Data Scientist"
"numpy python statistics sql deep learning data mining scikit-learn rest api","Data Scientist"
"sql statistics python machine learning pandas numpy deep learning scikit-learn matplotlib cloud","Data Scientist"
"statistics pandas machine learning sql python dl scikit-learn matplotlib data mining teamwork github documentation","Data Scientist"
"numpy sql python pandas statistics machine learning matplotlib deep learning feature engineering data mining problem solving","Data Scientist"
"numpy pandas sql ml matplotlib scikit-learn dl feature engineering problem solving jira communication","Data Scientist"
"statistics machine learning numpy pandas data mining scikit-learn problem solving","Data Scientist"
"pandas machine learning statistics sql feature engineering data mining scikit-learn communication","Data Scientist"
"statistics pandas sql numpy python data mining deep learning cloud","Data Scientist"
"numpy python sql pandas statistics machine learning matplotlib feature engineering data mining scikit-learn","Data Scientist"
"statistics numpy pandas sql ml scikit-learn data mining dl jira problem solving","Data Scientist"
"machine-learning sql statistics python numpy pandas feature engineering deep learning data mining jira","Data Scientist"
"python machine-learning sql pandas statistics dl matplotlib data mining feature engineering jira rest api documentation","Data Scientist"
"machine learning python pandas numpy matplotlib scikit-learn deep learning","Data Scientist"
"pandas statistics sql machine learning numpy python data mining scikit-learn rest api github cloud","Data Scientist"
"python sql statistics pandas numpy dl feature engineering scikit-learn matplotlib communication documentation","Data Scientist"
"python statistics numpy machine learning deep learning feature engineering data mining documentation github rest api","Data Scientist"
"pandas python sql numpy machine learning statistics scikit-learn dl feature engineering matplotlib","Data Scientist"
"pandas python sql machine learning deep learning scikit-learn agile teamwork","Data Scientist"
"pandas sql numpy machine learning deep learning feature engineering scikit-learn matplotlib","Data Scientist"
"python machine-learning pandas statistics numpy feature engineering matplotlib scikit-learn deep learning","Data Scientist"
"sql pandas python machine learning data mining scikit-learn dl matplotlib jira cloud","Data Scientist"
"python statistics pandas numpy sql deep learning feature engineering communication documentation","Data Scientist"
"ml python statistics sql scikit-learn feature engineering problem solving rest api","Data Scientist"
"statistics sql numpy python pandas data mining matplotlib teamwork communication rest api","Data Scientist"
"machine learning statistics numpy pandas matplotlib feature engineering data mining documentation cloud","Data Scientist"
"pandas sql numpy python statistics matplotlib scikit-learn rest api cloud agile","Data Scientist"
"python pandas sql numpy scikit-learn matplotlib","Data Scientist"
"machine learning numpy python pandas sql matplotlib scikit-learn feature engineering github linux","Data Scientist"
"machine learning pandas sql numpy python dl matplotlib feature engineering data mining documentation cloud","Data Scientist"
"pandas python statistics numpy sql machine learning data mining feature engineering deep learning scikit-learn","Data Scientist"
"statistics numpy pandas sql machine learning feature engineering dl rest api","Data Scientist"
"pandas python machine learning statistics scikit-learn matplotlib feature engineering data mining teamwork rest api cloud","Data Scientist"
"python sql numpy statistics matplotlib scikit-learn data mining teamwork","Data Scientist"
"pandas sql statistics numpy machine learning python matplotlib scikit-learn data mining feature engineering cloud agile documentation","Data Scientist"
"numpy python statistics pandas sql feature engineering deep learning","Data Scientist"
"numpy pandas sql statistics machine learning python dl matplotlib data mining teamwork agile cloud","Data Scientist"
"pandas python numpy machine learning statistics sql data mining feature engineering deep learning scikit-learn problem solving","Data Scientist"
"pandas numpy python sql statistics data mining dl scikit-learn","Data Scientist"
"sql machine learning statistics pandas python feature engineering deep learning matplotlib documentation","Data Scientist"
"numpy statistics sql python ml data mining scikit-learn teamwork communication jira","Data Scientist"
"machine-learning sql numpy statistics matplotlib feature engineering teamwork communication","Data Scientist"
"python ml numpy statistics sql feature engineering data mining matplotlib","Data Scientist"
"pandas machine learning python statistics sql deep learning data mining github rest api communication","Data Scientist"
"pandas machine learning statistics python numpy sql deep learning scikit-learn data mining feature engineering","Data Scientist"
"numpy sql machine-learning statistics pandas dl data mining communication","Data Scientist"
"pandas statistics python numpy machine-learning data mining feature engineering matplotlib scikit-learn teamwork jira communication","Data Scientist"
"sql pandas python statistics numpy scikit-learn deep learning feature engineering cloud","Data Scientist"
"sql statistics pandas numpy data mining scikit-learn matplotlib github rest api problem solving","Data Scientist"
"numpy pandas python sql feature engineering matplotlib documentation problem solving","Data Scientist"
"python pandas statistics machine learning sql numpy feature engineering scikit-learn communication","Data Scientist"
"python pandas sql machine learning numpy matplotlib feature engineering linux agile jira","Data Scientist"
"machine-learning statistics python numpy sql scikit-learn data mining deep learning feature engineering problem solving linux communication","Data Scientist"
"python pandas statistics numpy sql feature engineering dl data mining agile jira","Data Scientist"
"pandas python machine learning numpy statistics sql data mining feature engineering matplotlib communication documentation","Data Scientist"
"sql numpy python statistics pandas scikit-learn deep learning matplotlib rest api communication","Data Scientist"
"sql machine learning statistics pandas numpy matplotlib feature engineering cloud agile","Data Scientist"
"pandas python statistics numpy machine-learning deep learning feature engineering scikit-learn problem solving rest api","Data Scientist"
"numpy statistics sql pandas python machine learning matplotlib feature engineering dl scikit-learn documentation linux","Data Scientist"
"pandas statistics sql numpy python feature engineering matplotlib","Data Scientist"
"statistics python ml pandas numpy feature engineering matplotlib deep learning","Data Scientist"
"sql python pandas numpy machine learning statistics feature engineering matplotlib data mining scikit-learn","Data Scientist"
"python numpy statistics sql machine-learning scikit-learn data mining feature engineering deep learning linux agile","Data Scientist"
"machine learning sql statistics python pandas feature engineering matplotlib dl github","Data Scientist"
"pandas statistics python numpy sql scikit-learn data mining agile cloud jira","Data Scientist"
"pandas sql ml python numpy statistics scikit-learn dl agile","Data Scientist"
"statistics numpy sql pandas python matplotlib dl scikit-learn","Data Scientist"
"pandas statistics sql machine learning feature engineering deep learning rest api documentation teamwork","Data Scientist"
"numpy python ml pandas sql statistics scikit-learn deep learning documentation","Data Scientist"
"sql statistics pandas machine learning python numpy data mining feature engineering scikit-learn github","Data Scientist"
"python sql ml numpy matplotlib data mining scikit-learn deep learning github problem solving","Data Scientist"
"statistics python numpy pandas sql scikit-learn data mining matplotlib jira communication","Data Scientist"
"statistics sql numpy pandas python machine learning scikit-learn feature engineering data mining deep learning github documentation","Data Scientist"
"numpy python pandas sql statistics scikit-learn matplotlib deep learning","Data Scientist"
"machine learning python sql numpy statistics pandas matplotlib data mining documentation linux agile","Data Scientist"
"pandas sql numpy python matplotlib data mining","Data Scientist"
"sql python machine learning statistics numpy pandas dl matplotlib","Data Scientist"
"sql pandas python statistics machine learning numpy matplotlib feature engineering scikit-learn linux jira","Data Scientist"
"python numpy sql machine learning pandas scikit-learn deep learning feature engineering matplotlib teamwork github","Data Scientist"
"numpy sql statistics python ml pandas matplotlib dl feature engineering scikit-learn cloud teamwork documentation","Data Scientist"
"pandas numpy statistics sql machine learning python feature engineering deep learning data mining scikit-learn jira linux","Data Scientist"
"scikit-learn machine learning python pytorch tensorflow mlops aws feature engineering deployment docker","Machine Learning Engineer"
"tensorflow mlops pytorch python deployment aws","Machine Learning Engineer"
"python scikit-learn tensorflow pytorch feature engineering docker deployment aws teamwork","Machine Learning Engineer"
"tensorflow pytorch mlops scikit-learn docker aws rest api teamwork","Machine Learning Engineer"
"scikit-learn mlops pytorch machine learning deployment aws feature engineering rest api linux documentation","Machine Learning Engineer"
"pytorch mlops python tensorflow deployment api development feature engineering","Machine Learning Engineer"
"scikit-learn tensorflow python machine-learning feature engineering aws deployment linux agile problem solving","Machine Learning Engineer"
"scikit-learn pytorch machine learning tensorflow feature engineering aws deployment docker","Machine Learning Engineer"
"pytorch machine learning scikit-learn mlops python tensorflow feature engineering deployment apis github problem solving","Machine Learning Engineer"
"python mlops machine learning pytorch feature engineering aws deployment apis","Machine Learning Engineer"
"python mlops scikit-learn machine learning pytorch tensorflow aws api development","Machine Learning Engineer"
"mlops machine learning tensorflow python scikit-learn aws docker deployment apis cloud communication","Machine Learning Engineer"
"tensorflow mlops scikit-learn machine learning python aws deployment documentation","Machine Learning Engineer"
"scikit-learn python mlops tensorflow machine-learning pytorch api development docker deployment documentation cloud","Machine Learning Engineer"
"python machine learning tensorflow pytorch docker api development feature engineering","Machine Learning Engineer"
"python scikit-learn machine learning mlops pytorch tensorflow feature engineering docker rest api communication teamwork agile","Machine Learning Engineer"
"tensorflow machine learning python mlops pytorch api development deployment","Machine Learning Engineer"
"scikit-learn pytorch mlops ml python docker deployment rest api problem solving documentation cloud","Machine Learning Engineer"
"scikit-learn mlops pytorch tensorflow machine learning python rest api deployment feature engineering","Machine Learning Engineer"
"python machine-learning scikit-learn pytorch mlops tensorflow docker api development feature engineering documentation linux rest api","Machine Learning Engineer"
"python mlops tensorflow machine learning pytorch scikit-learn feature engineering aws teamwork","Machine Learning Engineer"
"pytorch mlops tensorflow scikit-learn ml python apis aws feature engineering docker linux","Machine Learning Engineer"
"pytorch machine-learning tensorflow python mlops scikit-learn deployment aws docker rest api teamwork","Machine Learning Engineer"
"mlops python pytorch scikit-learn deployment aws feature engineering","Machine Learning Engineer"
"mlops pytorch python machine learning aws deployment rest api linux","Machine Learning Engineer"
"python mlops scikit-learn pytorch tensorflow ml docker deployment aws","Machine Learning Engineer"
"machine-learning mlops python tensorflow deployment docker aws documentation problem solving","Machine Learning Engineer"
"scikit-learn tensorflow pytorch python ml mlops deployment docker rest api documentation","Machine Learning Engineer"
"mlops pytorch machine learning scikit-learn python aws feature engineering","Machine Learning Engineer"
"scikit-learn pytorch mlops ml python aws apis docker deployment rest api linux","Machine Learning Engineer"
"python scikit-learn mlops pytorch api development aws linux","Machine Learning Engineer"
"python pytorch tensorflow machine learning mlops scikit-learn aws docker linux communication","Machine Learning Engineer"
"pytorch tensorflow scikit-learn machine learning mlops aws feature engineering deployment api development github","Machine Learning Engineer"
"mlops python scikit-learn pytorch machine learning feature engineering docker problem solving","Machine Learning Engineer"
"mlops scikit-learn python pytorch aws docker feature engineering jira","Machine Learning Engineer"
"pytorch machine-learning python scikit-learn tensorflow mlops docker aws feature engineering api development teamwork documentation cloud","Machine Learning Engineer"
"pytorch python machine learning mlops deployment docker","Machine Learning Engineer"
"mlops python scikit-learn machine learning feature engineering deployment docker aws","Machine Learning Engineer"
"mlops python scikit-learn ml pytorch aws feature engineering docker deployment communication documentation","Machine Learning Engineer"
"machine learning mlops tensorflow pytorch docker rest api deployment teamwork agile","Machine Learning Engineer"
"mlops tensorflow python scikit-learn aws feature engineering docker cloud agile","Machine Learning Engineer"
"machine learning pytorch tensorflow scikit-learn feature engineering docker aws api development linux","Machine Learning Engineer"
"scikit-learn python machine learning mlops pytorch tensorflow docker feature engineering aws","Machine Learning Engineer"
"pytorch scikit-learn mlops tensorflow deployment apis","Machine Learning Engineer"
"scikit-learn tensorflow mlops python machine-learning pytorch deployment api development feature engineering teamwork cloud problem solving","Machine Learning Engineer"
"scikit-learn pytorch python mlops tensorflow machine learning feature engineering deployment aws documentation","Machine Learning Engineer"
"machine learning tensorflow mlops python aws feature engineering docker api development","Machine Learning Engineer"
"tensorflow pytorch machine learning python aws deployment rest api teamwork","Machine Learning Engineer"
"python tensorflow pytorch ml scikit-learn mlops docker feature engineering communication rest api","Machine Learning Engineer"
"mlops python pytorch machine learning feature engineering api development deployment aws cloud","Machine Learning Engineer"
"scikit-learn mlops pytorch tensorflow machine-learning feature engineering docker","Machine Learning Engineer"
"tensorflow pytorch mlops machine-learning python scikit-learn aws api development docker deployment rest api","Machine Learning Engineer"
"machine learning mlops pytorch scikit-learn docker deployment","Machine Learning Engineer"
"mlops machine learning python scikit-learn docker api development aws","Machine Learning Engineer"
"tensorflow scikit-learn ml pytorch api development aws docker feature engineering","Machine Learning Engineer"
"scikit-learn mlops tensorflow pytorch ml python feature engineering docker api development github jira","Machine Learning Engineer"
"machine-learning python tensorflow scikit-learn pytorch docker deployment api development","Machine Learning Engineer"
"scikit-learn tensorflow pytorch mlops python aws feature engineering","Machine Learning Engineer"
"scikit-learn mlops pytorch python ml feature engineering deployment api development documentation linux","Machine Learning Engineer"
"mlops python tensorflow pytorch scikit-learn aws feature engineering deployment github","Machine Learning Engineer"
"machine learning tensorflow scikit-learn mlops deployment feature engineering api development aws documentation","Machine Learning Engineer"
"python tensorflow mlops scikit-learn machine-learning feature engineering deployment docker communication problem solving cloud","Machine Learning Engineer"
"mlops tensorflow pytorch machine-learning python docker aws deployment api development rest api","Machine Learning Engineer"
"mlops tensorflow scikit-learn python machine learning pytorch deployment apis docker","Machine Learning Engineer"
"python pytorch ml mlops scikit-learn feature engineering aws","Machine Learning Engineer"
"python machine learning tensorflow pytorch apis docker feature engineering","Machine Learning Engineer"
"mlops tensorflow scikit-learn python machine learning pytorch deployment rest api aws problem solving agile","Machine Learning Engineer"
"mlops tensorflow pytorch scikit-learn machine learning python deployment aws feature engineering docker documentation","Machine Learning Engineer"
"tensorflow scikit-learn pytorch mlops docker deployment aws apis rest api linux problem solving","Machine Learning Engineer"
"tensorflow pytorch machine learning python docker deployment jira cloud","Machine Learning Engineer"
"scikit-learn tensorflow python machine learning mlops pytorch deployment aws docker api development","Machine Learning Engineer"
"pytorch mlops tensorflow python machine-learning scikit-learn feature engineering apis deployment rest api communication teamwork","Machine Learning Engineer"
"machine learning pytorch python mlops scikit-learn tensorflow deployment docker apis aws","Machine Learning Engineer"
"python pytorch scikit-learn tensorflow machine learning mlops docker feature engineering aws documentation agile","Machine Learning Engineer"
"scikit-learn machine learning pytorch mlops docker feature engineering aws","Machine Learning Engineer"
"tensorflow scikit-learn python mlops api development docker aws","Machine Learning Engineer"
"python scikit-learn machine-learning tensorflow pytorch mlops feature engineering aws docker deployment documentation communication","Machine Learning Engineer"
"mlops pytorch machine learning tensorflow api development docker aws deployment linux","Machine Learning Engineer"
"scikit-learn pytorch machine learning mlops tensorflow feature engineering aws docker documentation rest api","Machine Learning Engineer"
"tensorflow machine learning pytorch python scikit-learn mlops aws deployment feature engineering api development cloud github teamwork","Machine Learning Engineer"
"machine learning python pytorch scikit-learn tensorflow feature engineering api development docker problem solving agile","Machine Learning Engineer"
"scikit-learn pytorch mlops tensorflow feature engineering docker github","Machine Learning Engineer"
"mlops machine-learning tensorflow python pytorch scikit-learn docker aws feature engineering api development communication teamwork","Machine Learning Engineer"
"python tensorflow mlops ml deployment aws documentation linux","Machine Learning Engineer"
"mlops tensorflow scikit-learn machine-learning python pytorch feature engineering deployment aws","Machine Learning Engineer"
"pytorch machine learning tensorflow mlops aws docker problem solving jira cloud","Machine Learning Engineer"
"pytorch python tensorflow machine learning scikit-learn mlops apis aws teamwork problem solving linux","Machine Learning Engineer"
"python machine learning scikit-learn mlops tensorflow pytorch aws deployment feature engineering","Machine Learning Engineer"
"mlops machine learning scikit-learn pytorch docker aws feature engineering communication problem solving jira","Machine Learning Engineer"
"ml python scikit-learn mlops deployment api development aws","Machine Learning Engineer"
"communication business requirements reporting excel presentation tableau","Business Analyst"
"sql communication requirements gathering reporting excel powerbi process mapping analytics agile rest api","Business Analyst"
"requirements gathering excel sql communication stakeholder management analytics tableau process mapping","Business Analyst"
"excel powerbi communication reporting business requirements tableau stakeholder management analytics","Business Analyst"
"sql business requirements reporting excel powerbi communication presentation tableau analytics process mapping","Business Analyst"
"sql power bi communication reporting excel requirements gathering process mapping analytics presentation","Business Analyst"
"excel power bi sql communication reporting tableau process mapping","Business Analyst"
"requirements gathering reporting excel communication process mapping stakeholder management tableau","Business Analyst"
"reporting excel sql power bi business requirements stakeholder management process mapping analytics","Business Analyst"
"reporting sql excel power bi communication business requirements stakeholder management presentation analytics","Business Analyst"
"communication requirements gathering sql reporting stakeholder management process mapping linux agile jira","Business Analyst"
"reporting power bi communication sql requirements gathering process mapping analytics stakeholder management linux","Business Analyst"
"sql requirements gathering power bi excel analytics process mapping github teamwork","Business Analyst"
"communication power bi excel reporting requirements gathering sql presentation tableau analytics process mapping linux","Business Analyst"
"power bi sql excel business requirements communication reporting stakeholder management process mapping analytics tableau github documentation","Business Analyst"
"communication powerbi sql excel business requirements presentation tableau","Business Analyst"
"sql requirements gathering excel powerbi reporting communication stakeholder management tableau jira","Business Analyst"
"excel business requirements power bi sql communication reporting analytics presentation process mapping jira problem solving github","Business Analyst"
"reporting sql communication power bi excel business requirements analytics tableau documentation jira","Business Analyst"
"business requirements power bi communication sql presentation stakeholder management","Business Analyst"
"communication sql powerbi excel stakeholder management process mapping tableau presentation","Business Analyst"
"sql reporting excel business requirements stakeholder management presentation analytics process mapping linux jira","Business Analyst"
"communication reporting requirements gathering power bi analytics process mapping rest api documentation","Business Analyst"
"sql requirements gathering communication reporting power bi presentation analytics process mapping stakeholder management","Business Analyst"
"requirements gathering reporting power bi communication presentation process mapping analytics stakeholder management github jira rest api","Business Analyst"
"sql requirements gathering powerbi communication process mapping presentation","Business Analyst"
"sql excel communication requirements gathering powerbi stakeholder management tableau problem solving teamwork","Business Analyst"
"excel reporting sql power bi business requirements stakeholder management presentation tableau","Business Analyst"
"powerbi excel business requirements reporting communication sql tableau analytics process mapping stakeholder management","Business Analyst"
"excel requirements gathering reporting sql communication power bi tableau presentation process mapping","Business Analyst"
"excel business requirements sql reporting power bi communication process mapping presentation analytics stakeholder management github agile rest api","Business Analyst"
"excel reporting sql communication business requirements process mapping stakeholder management analytics","Business Analyst"
"communication sql powerbi excel presentation process mapping analytics tableau agile documentation","Business Analyst"
"sql powerbi excel requirements gathering reporting process mapping presentation","Business Analyst"
"excel communication power bi sql requirements gathering presentation process mapping stakeholder management tableau problem solving","Business Analyst"
"reporting excel communication power bi requirements gathering sql process mapping stakeholder management analytics problem solving agile","Business Analyst"
"reporting business requirements sql powerbi communication excel process mapping presentation tableau documentation rest api cloud","Business Analyst"
"communication reporting excel sql power bi presentation analytics","Business Analyst"
"power bi communication requirements gathering reporting sql excel stakeholder management tableau documentation jira","Business Analyst"
"reporting power bi excel sql communication requirements gathering analytics process mapping presentation documentation problem solving github","Business Analyst"
"communication requirements gathering reporting sql excel power bi stakeholder management analytics agile","Business Analyst"
"reporting requirements gathering sql power bi process mapping stakeholder management","Business Analyst"
"excel sql communication reporting requirements gathering power bi stakeholder management tableau","Business Analyst"
"excel sql communication requirements gathering presentation process mapping teamwork cloud problem solving","Business Analyst"
"communication power bi reporting excel analytics stakeholder management presentation cloud teamwork github","Business Analyst"
"reporting sql power bi communication presentation process mapping","Business Analyst"
"requirements gathering communication excel sql tableau stakeholder management presentation process mapping","Business Analyst"
"reporting power bi business requirements sql tableau analytics presentation stakeholder management","Business Analyst"
"excel reporting requirements gathering communication sql presentation tableau stakeholder management analytics","Business Analyst"
"reporting excel powerbi communication presentation stakeholder management process mapping linux","Business Analyst"
"requirements gathering communication sql excel analytics presentation","Business Analyst"
"communication reporting sql power bi requirements gathering excel process mapping tableau presentation github jira","Business Analyst"
"excel power bi sql reporting communication stakeholder management tableau analytics linux","Business Analyst"
"excel power bi sql reporting presentation tableau analytics process mapping","Business Analyst"
"communication requirements gathering sql excel power bi analytics tableau stakeholder management process mapping problem solving linux","Business Analyst"
"reporting communication powerbi requirements gathering excel tableau stakeholder management","Business Analyst"
"reporting sql excel power bi communication presentation tableau","Business Analyst"
"requirements gathering power bi reporting excel communication sql presentation tableau","Business Analyst"
"requirements gathering communication powerbi sql reporting stakeholder management tableau presentation analytics","Business Analyst"
"excel business requirements sql reporting powerbi communication stakeholder management analytics rest api github","Business Analyst"
"reporting excel sql requirements gathering communication power bi tableau analytics process mapping","Business Analyst"
"power bi excel requirements gathering reporting sql analytics presentation tableau teamwork jira problem solving","Business Analyst"
"requirements gathering powerbi excel reporting communication analytics process mapping github","Business Analyst"
"communication excel reporting power bi process mapping stakeholder management documentation","Business Analyst"
"power bi excel communication reporting business requirements tableau stakeholder management process mapping cloud rest api github","Business Analyst"
"power bi reporting excel sql business requirements communication presentation analytics process mapping cloud jira","Business Analyst"
"power bi sql excel reporting communication stakeholder management analytics presentation process mapping","Business Analyst"
"sql power bi communication excel requirements gathering reporting presentation analytics stakeholder management process mapping","Business Analyst"
"powerbi excel reporting communication sql stakeholder management analytics presentation process mapping","Business Analyst"
"sql excel reporting communication power bi requirements gathering tableau stakeholder management process mapping linux","Business Analyst"
"power bi sql business requirements excel process mapping analytics presentation stakeholder management linux cloud agile","Business Analyst"
"power bi reporting sql communication excel stakeholder management process mapping analytics presentation","Business Analyst"
"reporting sql requirements gathering power bi communication excel stakeholder management analytics presentation","Business Analyst"
"business requirements sql excel communication powerbi stakeholder management process mapping","Business Analyst"
"communication reporting power bi excel sql stakeholder management analytics cloud","Business Analyst"
"power bi communication business requirements sql tableau stakeholder management analytics","Business Analyst"
"sql power bi requirements gathering reporting excel communication stakeholder management analytics tableau problem solving teamwork","Business Analyst"
"requirements gathering power bi sql excel reporting communication analytics presentation stakeholder management tableau documentation","Business Analyst"
"sql requirements gathering excel communication power bi process mapping presentation documentation","Business Analyst"
"requirements gathering communication reporting sql presentation analytics tableau teamwork","Business Analyst"
"sql communication power bi reporting requirements gathering excel analytics tableau rest api github","Business Analyst"
"requirements gathering sql reporting excel communication tableau process mapping stakeholder management presentation documentation agile rest api","Business Analyst"
"powerbi business requirements communication excel reporting sql tableau analytics stakeholder management presentation github jira agile","Business Analyst"
"sql business requirements excel power bi analytics stakeholder management agile communication problem solving","Business Analyst"
"business requirements communication excel reporting presentation stakeholder management agile documentation","Business Analyst"
"sql reporting power bi communication business requirements process mapping tableau stakeholder management presentation cloud","Business Analyst"
"requirements gathering power bi excel sql communication reporting process mapping tableau stakeholder management presentation documentation linux","Business Analyst"
"requirements gathering communication sql reporting powerbi tableau process mapping stakeholder management analytics problem solving","Business Analyst"
"reporting sql communication power bi stakeholder management tableau presentation","Business Analyst"
"requirements gathering sql reporting powerbi excel analytics tableau presentation process mapping problem solving linux","Business Analyst"
"spark sql python etl big data hadoop","Data Engineer"
"airflow sql etl spark python data warehousing aws hadoop azure pipelines cloud jira","Data Engineer"
"data warehousing etl spark airflow big data azure hadoop agile documentation","Data Engineer"
"sql python airflow data warehousing azure hadoop aws pipelines","Data Engineer"
"spark python etl airflow data warehousing sql aws azure pipelines","Data Engineer"
"airflow etl spark data warehousing pipelines azure documentation problem solving communication","Data Engineer"
"spark sql etl airflow python pipelines aws","Data Engineer"
"data warehousing etl airflow python sql hadoop big data azure pipelines","Data Engineer"
"etl data warehousing spark sql airflow python aws hadoop big data github problem solving","Data Engineer"
"sql spark python airflow etl azure big data pipelines hadoop","Data Engineer"
"data warehousing sql etl python airflow aws pipelines azure big data documentation rest api teamwork","Data Engineer"
"data warehousing sql airflow spark etl python aws azure","Data Engineer"
"python spark data warehousing etl aws hadoop azure pipelines problem solving","Data Engineer"
"airflow etl sql data warehousing azure pipelines big data hadoop cloud teamwork agile","Data Engineer"
"data warehousing airflow etl sql pipelines hadoop azure","Data Engineer"
"sql etl data warehousing python spark hadoop big data","Data Engineer"
"data warehousing spark airflow python etl aws hadoop rest api cloud problem solving","Data Engineer"
"spark python sql etl azure hadoop problem solving teamwork cloud","Data Engineer"
"spark python etl data warehousing pipelines azure aws hadoop github linux documentation","Data Engineer"
"data warehousing etl airflow spark big data hadoop","Data Engineer"
"etl sql python data warehousing airflow big data azure hadoop rest api documentation","Data Engineer"
"etl sql spark python aws big data pipelines","Data Engineer"
"sql airflow spark data warehousing hadoop big data agile jira communication","Data Engineer"
"python data warehousing sql spark aws pipelines big data agile teamwork","Data Engineer"
"python airflow sql data warehousing spark etl azure big data pipelines github","Data Engineer"
"sql data warehousing spark etl airflow aws azure","Data Engineer"
"sql data warehousing airflow spark python big data pipelines hadoop documentation teamwork communication","Data Engineer"
"data warehousing python airflow etl hadoop pipelines communication","Data Engineer"
"data warehousing airflow python etl hadoop pipelines azure aws","Data Engineer"
"data warehousing airflow spark python big data aws hadoop documentation github","Data Engineer"
"airflow data warehousing python sql etl spark pipelines big data azure jira","Data Engineer"
"etl spark airflow sql python hadoop big data pipelines azure github problem solving","Data Engineer"
"data warehousing etl python spark sql aws pipelines github teamwork","Data Engineer"
"python etl data warehousing spark sql azure pipelines aws hadoop","Data Engineer"
"etl data warehousing sql python spark aws pipelines hadoop azure","Data Engineer"
"sql spark python airflow data warehousing big data aws pipelines hadoop teamwork agile github","Data Engineer"
"sql data warehousing airflow spark etl python big data azure pipelines aws teamwork communication github","Data Engineer"
"etl data warehousing sql airflow spark python aws big data hadoop azure linux jira agile","Data Engineer"
"data warehousing etl spark airflow sql azure big data hadoop documentation linux communication","Data Engineer"
"airflow sql data warehousing etl hadoop aws azure big data communication github agile","Data Engineer"
"etl spark python sql airflow data warehousing pipelines aws hadoop cloud","Data Engineer"
"etl data warehousing spark sql azure hadoop aws pipelines","Data Engineer"
"etl python spark sql hadoop azure cloud rest api","Data Engineer"
"spark airflow sql data warehousing python pipelines azure big data hadoop linux","Data Engineer"
"etl data warehousing airflow sql spark python big data pipelines hadoop azure teamwork github problem solving","Data Engineer"
"sql airflow etl data warehousing pipelines azure big data problem solving","Data Engineer"
"spark data warehousing sql etl big data azure pipelines","Data Engineer"
"airflow etl sql spark data warehousing aws azure problem solving linux teamwork","Data Engineer"
"python data warehousing airflow etl spark sql aws pipelines azure big data","Data Engineer"
"spark sql data warehousing python etl big data hadoop aws github documentation","Data Engineer"
"airflow data warehousing spark etl python big data pipelines hadoop azure","Data Engineer"
"airflow spark python sql big data azure pipelines agile github jira","Data Engineer"
"spark airflow etl data warehousing python big data pipelines aws teamwork documentation","Data Engineer"
"spark airflow python sql data warehousing aws pipelines cloud agile communication","Data Engineer"
"airflow etl python data warehousing sql azure aws pipelines big data agile rest api","Data Engineer"
"data warehousing airflow python sql etl azure pipelines problem solving github jira","Data Engineer"
"python sql airflow spark data warehousing azure hadoop jira communication cloud","Data Engineer"
"airflow spark etl sql aws hadoop big data azure teamwork communication jira","Data Engineer"
"python airflow sql spark data warehousing big data pipelines aws","Data Engineer"
"data warehousing spark etl sql pipelines aws","Data Engineer"
"etl data warehousing spark python hadoop aws azure github documentation communication","Data Engineer"
"sql python data warehousing airflow spark etl hadoop aws teamwork rest api","Data Engineer"
"data warehousing airflow sql python big data aws pipelines jira github","Data Engineer"
"python data warehousing spark sql airflow azure aws jira rest api","Data Engineer"
"sql spark airflow python etl data warehousing hadoop aws azure big data problem solving jira github","Data Engineer"
"airflow python sql data warehousing spark pipelines big data azure linux agile","Data Engineer"
"sql python etl spark data warehousing aws hadoop pipelines documentation","Data Engineer"
"python data warehousing etl airflow spark sql big data hadoop aws jira","Data Engineer"
"etl python sql airflow data warehousing hadoop azure pipelines agile","Data Engineer"
"data warehousing python sql airflow azure hadoop pipelines rest api linux","Data Engineer"
"data warehousing sql python airflow etl spark big data pipelines azure cloud","Data Engineer"
"etl data warehousing sql spark python aws pipelines azure hadoop teamwork rest api documentation","Data Engineer"
"data warehousing airflow spark python sql big data azure aws hadoop communication","Data Engineer"
"airflow etl sql data warehousing python pipelines azure problem solving","Data Engineer"
"etl sql airflow spark azure pipelines big data aws teamwork documentation","Data Engineer"
"sql python etl spark aws big data pipelines azure","Data Engineer"
"python airflow data warehousing sql pipelines azure aws github","Data Engineer"
"python etl spark sql hadoop big data azure pipelines teamwork","Data Engineer"
"sql data warehousing airflow python spark etl azure hadoop","Data Engineer"
"data warehousing python airflow sql hadoop big data azure github cloud agile","Data Engineer"
"sql python data warehousing airflow etl spark big data azure hadoop aws agile communication","Data Engineer"
"sql etl python airflow spark big data aws hadoop","Data Engineer"
"sql data warehousing airflow spark python etl aws azure","Data Engineer"
"airflow spark data warehousing etl big data hadoop","Data Engineer"
"sql data warehousing airflow python spark etl big data azure problem solving","Data Engineer"
"airflow data warehousing spark python sql etl big data azure pipelines aws","Data Engineer"
"sql python data warehousing spark big data aws hadoop","Data Engineer"
"spark etl python sql data warehousing airflow azure pipelines aws jira","Data Engineer"
"airflow spark etl data warehousing python pipelines hadoop linux agile github","Data Engineer"
"etl sql data warehousing spark big data pipelines github communication","Data Engineer"
"data modeling dashboards sql power bi tableau etl excel teamwork documentation jira","BI Developer"
"data modeling sql power bi reporting tableau dashboards dax etl","BI Developer"
"sql reporting powerbi dashboards data modeling excel etl dax analytics","BI Developer"
"power bi reporting data modeling sql dashboards dax visualization analytics etl linux","BI Developer"
"tableau data modeling powerbi reporting dashboards sql dax excel etl analytics","BI Developer"
"data modeling reporting dashboards sql power bi excel etl dax visualization cloud github teamwork","BI Developer"
"dashboards reporting tableau data modeling sql powerbi etl analytics","BI Developer"
"data modeling dashboards power bi reporting excel etl dax","BI Developer"
"sql dashboards power bi data modeling visualization analytics etl excel linux","BI Developer"
"dashboards reporting tableau data modeling sql dax analytics etl visualization agile","BI Developer"
"power bi data modeling reporting sql tableau dashboards visualization etl excel linux","BI Developer"
"dashboards sql data modeling tableau analytics visualization excel jira","BI Developer"
"sql power bi dashboards data modeling reporting excel dax teamwork","BI Developer"
"dashboards sql power bi data modeling analytics visualization excel problem solving teamwork","BI Developer"
"reporting tableau dashboards sql visualization etl excel","BI Developer"
"reporting power bi dashboards data modeling tableau sql analytics excel etl dax communication rest api agile","BI Developer"
"data modeling tableau power bi reporting dashboards sql dax excel analytics","BI Developer"
"sql reporting tableau powerbi visualization dax etl jira","BI Developer"
"tableau data modeling power bi reporting dashboards etl excel dax analytics jira linux","BI Developer"
"dashboards tableau data modeling reporting analytics etl excel dax linux rest api github","BI Developer"
"data modeling sql tableau powerbi reporting dashboards dax visualization analytics teamwork agile","BI Developer"
"reporting dashboards data modeling tableau powerbi visualization dax teamwork","BI Developer"
"dashboards reporting data modeling tableau power bi visualization analytics etl documentation communication teamwork","BI Developer"
"power bi reporting tableau dashboards data modeling sql analytics visualization communication linux jira","BI Developer"
"data modeling power bi sql tableau analytics visualization excel etl","BI Developer"
"data modeling reporting sql powerbi tableau dashboards dax analytics rest api teamwork cloud","BI Developer"
"data modeling sql power bi tableau dax analytics linux cloud rest api","BI Developer"
"sql data modeling tableau dashboards dax etl visualization analytics jira linux documentation","BI Developer"
"dashboards reporting data modeling tableau excel analytics etl cloud problem solving jira","BI Developer"
"data modeling tableau dashboards reporting powerbi sql excel analytics etl visualization github problem solving","BI Developer"
"data modeling dashboards reporting powerbi sql tableau dax etl excel analytics jira communication","BI Developer"
"tableau power bi dashboards reporting sql data modeling visualization dax etl excel github cloud","BI Developer"
"tableau reporting sql dashboards visualization excel","BI Developer"
"dashboards tableau power bi reporting data modeling analytics dax cloud teamwork","BI Developer"
"dashboards tableau reporting sql etl dax visualization analytics problem solving","BI Developer"
"power bi tableau dashboards data modeling reporting visualization analytics etl","BI Developer"
"reporting powerbi sql data modeling tableau dashboards dax excel etl communication github jira","BI Developer"
"reporting data modeling dashboards powerbi sql excel dax analytics visualization problem solving github","BI Developer"
"tableau sql reporting data modeling powerbi dashboards visualization excel dax teamwork agile rest api","BI Developer"
"dashboards reporting sql data modeling analytics etl visualization linux","BI Developer"
"tableau sql reporting data modeling excel dax","BI Developer"
"power bi sql dashboards tableau reporting dax etl communication github teamwork","BI Developer"
"power bi tableau sql data modeling reporting dax analytics","BI Developer"
"dashboards power bi reporting data modeling visualization excel analytics etl","BI Developer"
"tableau reporting power bi dashboards sql data modeling analytics etl dax cloud jira linux","BI Developer"
"tableau sql powerbi data modeling reporting dashboards analytics dax visualization excel problem solving communication","BI Developer"
"data modeling sql tableau dashboards etl analytics cloud","BI Developer"
"sql tableau reporting dashboards data modeling excel visualization etl analytics problem solving agile rest api","BI Developer"
"sql tableau power bi reporting dashboards data modeling dax etl agile","BI Developer"
"tableau sql data modeling dashboards analytics excel dax etl agile","BI Developer"
"reporting dashboards tableau data modeling sql power bi analytics dax github agile communication","BI Developer"
"sql data modeling power bi tableau reporting analytics etl communication cloud","BI Developer"
"power bi tableau dashboards sql dax visualization excel analytics","BI Developer"
"reporting dashboards data modeling sql power bi analytics dax etl excel teamwork linux","BI Developer"
"data modeling power bi reporting sql dashboards dax visualization excel analytics cloud","BI Developer"
"data modeling reporting power bi dashboards sql dax analytics etl excel teamwork communication documentation","BI Developer"
"reporting data modeling dashboards sql tableau powerbi analytics visualization","BI Developer"
"sql reporting dashboards tableau powerbi analytics visualization dax","BI Developer"
"power bi sql reporting tableau analytics excel","BI Developer"
"dashboards tableau power bi sql data modeling reporting etl visualization","BI Developer"
"powerbi reporting data modeling dashboards sql tableau visualization excel dax etl teamwork","BI Developer"
"sql dashboards power bi tableau data modeling visualization dax analytics github linux cloud","BI Developer"
"data modeling reporting power bi tableau dashboards sql excel analytics visualization problem solving","BI Developer"
"data modeling reporting sql dashboards visualization etl analytics excel","BI Developer"
"dashboards powerbi sql data modeling reporting tableau analytics excel visualization","BI Developer"
"tableau data modeling power bi sql dax excel teamwork","BI Developer"
"dashboards power bi data modeling reporting etl visualization analytics excel","BI Developer"
"tableau reporting dashboards data modeling power bi sql excel etl","BI Developer"
"powerbi sql dashboards tableau dax visualization excel analytics github rest api","BI Developer"
"dashboards powerbi sql tableau reporting etl excel dax visualization","BI Developer"
"power bi dashboards data modeling sql tableau etl dax analytics","BI Developer"
"tableau powerbi sql reporting data modeling dashboards etl analytics excel visualization github jira teamwork","BI Developer"
"tableau data modeling reporting dashboards powerbi analytics excel problem solving","BI Developer"
"reporting tableau dashboards power bi sql excel etl analytics","BI Developer"
"power bi data modeling tableau reporting dashboards dax analytics","BI Developer"
"sql tableau power bi dashboards data modeling visualization etl analytics","BI Developer"
"reporting dashboards tableau data modeling dax visualization excel cloud documentation jira","BI Developer"
"tableau reporting sql dashboards power bi data modeling excel etl problem solving linux communication","BI Developer"
"powerbi dashboards tableau sql data modeling dax analytics excel rest api","BI Developer"
"tableau sql data modeling reporting dashboards power bi etl excel agile github rest api","BI Developer"
"power bi dashboards data modeling sql tableau excel etl analytics jira","BI Developer"
"tableau reporting sql dashboards power bi analytics visualization excel","BI Developer"
"dashboards powerbi reporting data modeling sql tableau visualization excel","BI Developer"
"data modeling dashboards sql tableau power bi visualization excel","BI Developer"
"reporting sql power bi data modeling etl dax excel analytics agile rest api","BI Developer"
"reporting dashboards tableau powerbi visualization analytics excel dax github","BI Developer"
"tableau reporting dashboards sql power bi dax visualization etl analytics jira documentation rest api","BI Developer"
"reporting sql data modeling dashboards power bi tableau analytics etl","BI Developer"
"data modeling dashboards power bi reporting sql tableau excel etl dax teamwork problem solving","BI Developer"
"reporting powerbi data modeling sql etl analytics visualization linux cloud","BI Developer"
"tensorflow pytorch machine learning deep learning api development transformers mlops","AI Engineer"
"machine learning nlp deep learning python tensorflow pytorch llms api development deployment","AI Engineer"
"pytorch machine learning dl nlp tensorflow python deployment api development mlops rest api","AI Engineer"
"nlp deep learning tensorflow pytorch machine learning python deployment llms transformers","AI Engineer"
"ml tensorflow pytorch nlp dl mlops api development transformers llms","AI Engineer"
"machine-learning python pytorch tensorflow nlp deployment llms api development transformers","AI Engineer"
"tensorflow python nlp machine-learning api development deployment","AI Engineer"
"nlp machine learning pytorch deep learning python llms mlops deployment agile","AI Engineer"
"pytorch python machine learning dl tensorflow nlp deployment transformers apis","AI Engineer"
"python pytorch tensorflow nlp mlops deployment api development rest api teamwork github","AI Engineer"
"python nlp machine-learning deep learning transformers deployment llms apis jira teamwork","AI Engineer"
"nlp python machine learning deep learning pytorch tensorflow api development deployment mlops","AI Engineer"
"nlp deep learning tensorflow python machine-learning transformers mlops rest api","AI Engineer"
"dl python pytorch nlp tensorflow machine learning llms deployment transformers linux rest api communication","AI Engineer"
"pytorch machine-learning nlp deep learning deployment llms transformers api development jira","AI Engineer"
"tensorflow dl pytorch nlp machine-learning api development deployment llms transformers agile documentation teamwork","AI Engineer"
"pytorch dl python nlp api development mlops transformers linux agile communication","AI Engineer"
"python machine-learning dl pytorch nlp tensorflow mlops transformers deployment cloud jira documentation","AI Engineer"
"deep learning nlp tensorflow machine learning llms api development mlops deployment rest api","AI Engineer"
"tensorflow machine learning nlp deep learning transformers api development mlops llms","AI Engineer"
"deep learning nlp python pytorch mlops deployment transformers llms jira rest api","AI Engineer"
"machine learning pytorch deep learning python nlp tensorflow deployment transformers mlops llms","AI Engineer"
"deep learning ml tensorflow nlp python pytorch mlops transformers deployment api development","AI Engineer"
"python tensorflow nlp dl pytorch machine learning transformers rest api agile problem solving communication","AI Engineer"
"deep learning python pytorch nlp machine learning llms deployment api development github agile","AI Engineer"
"tensorflow pytorch python ml deep learning api development llms transformers mlops","AI Engineer"
"pytorch tensorflow nlp dl python ml llms rest api mlops transformers","AI Engineer"
"tensorflow pytorch deep learning machine learning mlops deployment llms transformers rest api problem solving linux","AI Engineer"
"dl python machine learning pytorch tensorflow nlp transformers apis llms deployment","AI Engineer"
"python dl ml pytorch transformers llms deployment apis","AI Engineer"
"deep learning python machine learning pytorch deployment mlops","AI Engineer"
"python machine learning nlp tensorflow api development llms linux","AI Engineer"
"machine learning tensorflow pytorch dl python nlp transformers llms mlops","AI Engineer"
"nlp pytorch deep learning ml mlops llms api development transformers cloud linux","AI Engineer"
"machine-learning tensorflow python nlp llms transformers deployment","AI Engineer"
"deep learning machine learning tensorflow nlp python pytorch api development llms cloud rest api jira","AI Engineer"
"deep learning tensorflow python nlp pytorch machine-learning llms deployment api development transformers linux communication","AI Engineer"
"deep learning tensorflow nlp python api development llms transformers problem solving github","AI Engineer"
"machine learning pytorch nlp dl mlops transformers deployment","AI Engineer"
"python tensorflow nlp pytorch deep learning api development mlops transformers llms agile","AI Engineer"
"python dl machine learning nlp tensorflow transformers mlops rest api communication","AI Engineer"
"python deep learning tensorflow machine learning rest api mlops","AI Engineer"
"nlp machine learning dl python pytorch deployment mlops llms apis agile","AI Engineer"
"machine learning deep learning nlp pytorch mlops transformers llms rest api problem solving","AI Engineer"
"dl python pytorch nlp machine-learning deployment llms mlops transformers","AI Engineer"
"dl python pytorch tensorflow machine-learning nlp transformers mlops","AI Engineer"
"deep learning pytorch nlp python tensorflow deployment mlops llms transformers documentation","AI Engineer"
"nlp python tensorflow deep learning machine-learning pytorch transformers deployment llms problem solving communication","AI Engineer"
"python tensorflow pytorch dl deployment llms teamwork agile jira","AI Engineer"
"python pytorch tensorflow machine learning nlp dl transformers llms api development problem solving","AI Engineer"
"machine learning python pytorch nlp llms deployment mlops agile documentation","AI Engineer"
"dl tensorflow nlp python pytorch llms mlops deployment","AI Engineer"
"pytorch dl python tensorflow nlp machine learning transformers llms api development github jira linux","AI Engineer"
"nlp machine-learning dl pytorch tensorflow deployment apis transformers llms","AI Engineer"
"machine learning nlp deep learning python tensorflow transformers llms mlops api development documentation","AI Engineer"
"tensorflow nlp ml python transformers mlops llms deployment","AI Engineer"
"python tensorflow deep learning machine-learning pytorch nlp deployment rest api","AI Engineer"
"pytorch python nlp ml deep learning tensorflow transformers api development deployment communication rest api","AI Engineer"
"deep learning machine learning pytorch python nlp llms rest api deployment transformers cloud github","AI Engineer"
"tensorflow pytorch python nlp machine learning deep learning mlops llms api development transformers documentation linux","AI Engineer"
"python deep learning tensorflow pytorch transformers mlops","AI Engineer"
"tensorflow machine learning python nlp pytorch transformers llms deployment problem solving linux agile","AI Engineer"
"dl pytorch python machine learning nlp tensorflow deployment llms mlops","AI Engineer"
"python deep learning pytorch machine learning transformers llms mlops api development","AI Engineer"
"nlp tensorflow machine learning python deep learning pytorch transformers deployment llms problem solving rest api jira","AI Engineer"
"ml pytorch deep learning python tensorflow nlp deployment llms apis cloud agile rest api","AI Engineer"
"dl machine learning python pytorch transformers llms deployment","AI Engineer"
"ml python tensorflow pytorch deep learning deployment llms api development mlops communication cloud","AI Engineer"
"machine learning pytorch nlp tensorflow llms mlops transformers api development github communication agile","AI Engineer"
"deep learning python ml pytorch tensorflow nlp transformers api development","AI Engineer"
"machine-learning tensorflow pytorch deep learning nlp python llms transformers api development deployment communication problem solving","AI Engineer"
"tensorflow machine-learning pytorch python transformers llms api development mlops documentation","AI Engineer"
"deep learning tensorflow python nlp transformers api development deployment problem solving communication cloud","AI Engineer"
"pytorch python deep learning tensorflow nlp mlops api development transformers rest api","AI Engineer"
"nlp tensorflow deep learning pytorch python machine-learning mlops deployment llms transformers","AI Engineer"
"tensorflow deep learning python nlp llms transformers mlops apis jira github agile","AI Engineer"
"machine learning nlp python pytorch tensorflow llms transformers deployment","AI Engineer"
"pytorch deep learning tensorflow python ml nlp transformers llms deployment","AI Engineer"
"python pytorch tensorflow machine learning deep learning mlops llms deployment apis github","AI Engineer"
"nlp deep learning pytorch python mlops api development deployment communication agile","AI Engineer"
"deep learning ml nlp tensorflow pytorch python llms transformers github","AI Engineer"
"pytorch tensorflow machine learning dl python deployment mlops transformers llms problem solving github","AI Engineer"
"python tensorflow deep learning pytorch llms transformers jira linux cloud","AI Engineer"
"machine learning pytorch nlp deep learning python tensorflow mlops transformers","AI Engineer"
"deep learning tensorflow machine learning nlp python transformers deployment api development llms jira teamwork","AI Engineer"
"pytorch nlp python deep learning tensorflow machine learning mlops llms","AI Engineer"
"python pytorch machine learning tensorflow dl api development mlops jira documentation communication","AI Engineer"
"nlp python machine learning pytorch llms mlops problem solving github cloud","AI Engineer"
"python deep learning tensorflow nlp ml transformers rest api deployment problem solving","AI Engineer"
"machine learning pytorch dl nlp python tensorflow api development transformers mlops deployment jira teamwork","AI Engineer"
"git data structures python java api development cloud javascript docker system design","Software Engineer"
"python java git data structures api development algorithms system design docker","Software Engineer"
"api development data structures git algorithms java docker system design cloud","Software Engineer"
"java python api development git docker cloud javascript testing rest api","Software Engineer"
"git data structures java algorithms cloud system design docker testing","Software Engineer"
"data structures apis git algorithms python system design javascript docker cloud","Software Engineer"
"python git rest api algorithms testing javascript system design cloud","Software Engineer"
"data structures api development java git python algorithms cloud testing javascript rest api","Software Engineer"
"git java algorithms api development system design docker teamwork","Software Engineer"
"java algorithms data structures git python cloud testing docker system design problem solving rest api","Software Engineer"
"data structures git java algorithms python apis docker cloud system design javascript","Software Engineer"
"data structures git java python rest api algorithms testing docker cloud","Software Engineer"
"api development git data structures java python algorithms cloud docker javascript testing jira agile","Software Engineer"
"java algorithms git data structures apis system design javascript cloud github communication","Software Engineer"
"algorithms python java data structures docker system design cloud linux","Software Engineer"
"data structures java algorithms git python javascript docker cloud testing agile problem solving","Software Engineer"
"python git java data structures javascript cloud system design","Software Engineer"
"rest api java algorithms git system design testing cloud agile","Software Engineer"
"data structures algorithms python java rest api cloud docker testing system design github jira","Software Engineer"
"algorithms java apis git cloud testing system design","Software Engineer"
"git rest api algorithms data structures cloud testing github agile","Software Engineer"
"api development data structures algorithms python javascript cloud teamwork problem solving","Software Engineer"
"data structures api development python algorithms java docker system design","Software Engineer"
"data structures api development git java python javascript testing docker problem solving agile teamwork","Software Engineer"
"python git data structures apis algorithms cloud javascript testing jira","Software Engineer"
"java data structures algorithms rest api python docker javascript testing problem solving communication","Software Engineer"
"algorithms api development java data structures cloud docker system design testing teamwork communication","Software Engineer"
"git algorithms data structures python java api development javascript cloud system design docker","Software Engineer"
"algorithms git api development data structures java python docker cloud teamwork linux","Software Engineer"
"python data structures java git algorithms testing cloud system design docker documentation agile problem solving","Software Engineer"
"git algorithms python rest api javascript docker testing cloud","Software Engineer"
"data structures java python git algorithms api development system design javascript docker testing rest api problem solving documentation","Software Engineer"
"rest api java python algorithms data structures javascript system design","Software Engineer"
"python java data structures algorithms testing javascript docker cloud","Software Engineer"
"api development algorithms git data structures python java cloud javascript testing system design problem solving documentation","Software Engineer"
"java python algorithms git api development data structures javascript testing cloud","Software Engineer"
"algorithms data structures python api development javascript cloud system design testing jira linux","Software Engineer"
"api development data structures algorithms python git cloud testing system design docker","Software Engineer"
"data structures algorithms api development java cloud javascript","Software Engineer"
"api development data structures algorithms git system design testing docker cloud communication","Software Engineer"
"python git java data structures algorithms cloud docker jira communication","Software Engineer"
"python java algorithms data structures rest api testing docker agile","Software Engineer"
"api development data structures git python java algorithms cloud testing","Software Engineer"
"git python java algorithms data structures javascript docker testing communication","Software Engineer"
"java python api development algorithms javascript testing","Software Engineer"
"algorithms data structures python api development cloud docker","Software Engineer"
"java algorithms python git system design cloud teamwork problem solving jira","Software Engineer"
"git java algorithms api development testing system design documentation problem solving rest api","Software Engineer"
"apis java data structures python algorithms git cloud docker javascript documentation","Software Engineer"
"api development git python java data structures system design javascript testing","Software Engineer"
"api development git python algorithms cloud system design javascript testing documentation jira","Software Engineer"
"api development python java data structures cloud testing","Software Engineer"
"python rest api algorithms java data structures git testing docker system design","Software Engineer"
"git apis java data structures python algorithms docker cloud linux","Software Engineer"
"git python algorithms java javascript system design cloud docker documentation jira teamwork","Software Engineer"
"algorithms python api development java data structures testing system design docker cloud","Software Engineer"
"api development git algorithms data structures python java cloud testing","Software Engineer"
"java algorithms rest api git python data structures cloud javascript problem solving communication documentation","Software Engineer"
"python algorithms data structures git api development java system design testing cloud","Software Engineer"
"python algorithms git data structures cloud javascript testing rest api","Software Engineer"
"java git rest api data structures algorithms python system design docker cloud testing","Software Engineer"
"java git algorithms data structures python javascript testing","Software Engineer"
"data structures rest api java python docker javascript testing cloud github","Software Engineer"
"git java python data structures algorithms apis docker system design linux documentation cloud","Software Engineer"
"java algorithms data structures git python apis system design docker testing cloud jira","Software Engineer"
"python algorithms data structures git api development javascript system design","Software Engineer"
"python rest api git data structures system design cloud jira linux","Software Engineer"
"algorithms java data structures rest api git python docker javascript testing","Software Engineer"
"git algorithms rest api python data structures testing system design docker","Software Engineer"
"python apis git data structures docker cloud testing","Software Engineer"
"python java apis algorithms git data structures testing system design teamwork agile github","Software Engineer"
"git java algorithms python data structures system design testing docker javascript teamwork","Software Engineer"
"java git algorithms python docker javascript testing cloud jira agile","Software Engineer"
"algorithms python data structures git javascript system design docker agile linux","Software Engineer"
"algorithms java rest api python data structures git testing system design docker cloud jira communication","Software Engineer"
"git python data structures api development algorithms java testing javascript docker","Software Engineer"
"git algorithms python java api development data structures docker system design javascript","Software Engineer"
"rest api algorithms python git java data structures system design cloud docker javascript","Software Engineer"
"git algorithms api development data structures javascript cloud docker documentation problem solving agile","Software Engineer"
"python java algorithms git api development data structures system design docker github rest api communication","Software Engineer"
"data structures algorithms git python java api development cloud javascript system design testing","Software Engineer"
"data structures algorithms rest api python git testing docker linux documentation teamwork","Software Engineer"
"git python java algorithms system design docker cloud","Software Engineer"
"java python api development algorithms git data structures system design javascript cloud docker problem solving rest api","Software Engineer"
"python java algorithms data structures api development system design docker testing github teamwork","Software Engineer"
"api development algorithms data structures git system design cloud docker documentation teamwork communication","Software Engineer"
"api development data structures git algorithms python cloud javascript docker","Software Engineer"
"algorithms git python java apis data structures docker testing","Software Engineer"
"git python api development java system design cloud docker agile","Software Engineer"
"apis git data structures algorithms python java javascript testing docker cloud documentation linux","Software Engineer"
